alter table age_autorizacao_cobr_contato rename to fat_autorizacao_cobranca_contato ;
alter table age_autorizacao_cobr_situacao rename to fat_autorizacao_cobranca_situacao ;
alter table age_autorizacao_cobranca rename to fat_autorizacao_cobranca ;
alter table age_email rename to ger_cliente_email ;
alter table age_recusa rename to age_recusa ;
alter table aud_auditoria_tipo rename to aud_auditoria_tipo ;
alter table aud_auditorias rename to aud_auditoria ;
alter table ger_acessos rename to ger_usuario_acessos ;
alter table ger_agencia rename to fin_agencia ;
alter table ger_agenda rename to ger_agenda ;
alter table ger_agenda_motivo rename to ger_agenda_motivo ;
alter table ger_auxiliar_config rename to ger_auxiliar_config ;
alter table ger_auxiliar_procura rename to ger_auxiliar_procura ;
alter table ger_auxiliar_procura_estrutura rename to ger_auxiliar_procura_estrutura ;
alter table ger_auxiliar_procura_filtro rename to ger_auxiliar_procura_filtro ;
alter table ger_bairro rename to ger_bairro ;
alter table ger_chat rename to ger_chat ;
alter table ger_chat_contato rename to ger_chat_contato ;
alter table ger_cidade rename to ger_cidade ;
alter table ger_grupo_usuario rename to ger_grupo_usuario ;
alter table ger_informacoes rename to ger_informacoes ;
alter table ger_item_tipo rename to est_item_tipo ;
alter table ger_login rename to ger_usuario_login ;
alter table ger_modulos rename to ger_modulos ;
alter table ger_outros rename to ger_clientes_convenio ;
alter table ger_procura_padroes rename to ger_procura_padroes ;
alter table ger_prospect rename to ges_prospect ;
alter table ger_ramo rename to ger_clientes_ramo ;
alter table ger_regiao rename to ger_regiao ;
alter table ger_rua rename to ger_rua ;
alter table ger_servicos rename to ger_usuario_servico ;
alter table ger_status_usuario rename to ger_usuario_status ;
alter table ger_tarefa_config rename to ges_tarefa_config ;
alter table ger_tarefa_parametro rename to ges_tarefa_parametro ;
alter table ger_telefones rename to ger_clientes_telefone ;
alter table ger_tipo_cliente rename to ger_clientes_tipo ;
alter table ger_tipo_usuario rename to ger_usuario_tipo ;
alter table ger_tipo_venda rename to fat_vendas_tipo ;
alter table ger_turno rename to ger_usuario_turno ;
alter table ger_uf rename to ger_uf ;
alter table ger_user_acessos rename to ger_usuario_acessos ;
alter table ger_user_modulos rename to ger_usuario_modulos ;
alter table ger_user_nomes rename to ger_usuario_nomes ;
alter table ger_user_operacoes rename to ger_usuario_operacoes ;
alter table ger_usuario_acao rename to ger_usuario_acao ;
alter table ger_usuario_acao_historico rename to ger_usuario_acao_historico ;
alter table ges_campanha_consulta rename to ges_campanha_consulta ;
alter table ges_campanha_dias rename to ges_campanha_dias ;
alter table ges_campanhas rename to ges_campanha ;
alter table ges_campanhas_operacao rename to ges_campanha_operacao ;
alter table ges_campanhas_tipo_trabalho rename to ges_campanha_trabalho_tipo ;
alter table ges_cancelamentos rename to fat_cancelamentos ;
alter table ges_cliente_ano rename to ger_clientes_anotacao ;
alter table ges_cliente_dependentes rename to ger_clientes_dependentes ;
alter table ges_cliente_funcionario rename to ger_clientes_funcionario ;
alter table ges_cliente_prospect rename to ges_prospect_cliente ;
alter table ges_clientes rename to ger_cliente ;
alter table ges_clientes_cartao rename to ger_cliente_cartao ;
alter table ges_comissoes rename to fin_comissoes ;
alter table ges_convenios rename to fin_convenios ;
alter table ges_discador_campanha rename to ger_discador_campanha ;
alter table ges_discador_central rename to ger_discador_central ;
alter table ges_discador_central_tipo_trab_padrao rename to ger_discador_central_tipo_trab_padrao ;
alter table ges_discador_contato rename to ger_discador_contato ;
alter table ges_discador_contato_grava rename to ger_discador_contato_grava ;
alter table ges_discador_monitor rename to ger_discador_monitor ;
alter table ges_discador_ramal rename to ger_discador_ramal ;
alter table ges_gestores_equipe rename to ges_gestores_equipe ;
alter table ges_gestores_equipe_pessoas rename to ges_gestores_equipe_pessoas ;
alter table ges_metas rename to ges_metas ;
alter table ges_metas_tipo rename to ges_metas_tipo ;
alter table ges_metas_valores rename to ges_metas_valores ;
alter table ges_motivo_agendamento rename to age_motivo_agendamento ;
alter table ges_motivo_cancelamento rename to fat_cancelamentos_motivo ;
alter table ges_operadora_telefonica rename to ger_operadoras_telefonia ;
alter table ges_pagamento_historico rename to fin_pagar_historico ;
alter table ges_pagar rename to fin_pagar ;
alter table ges_parcelas rename to fin_vendas_parcelas ;
alter table ges_pausa_historico rename to ger_pausa_historico ;
alter table ges_pausa_motivo rename to ger_pausa_motivo ;
alter table ges_prazos rename to fin_prazos ;
alter table ges_produto rename to est_produto ;
alter table ges_produto_grupos rename to est_produto_grupos ;
alter table ges_receber rename to fin_receber ;
alter table ges_receber_historico rename to fin_receber_historico ;
alter table ges_recusa_motivo rename to ges_recusa_motivo ;
alter table ges_scripts rename to ger_scripts ;
alter table ges_scripts_tela rename to ger_scripts_tela ;
alter table ges_tarefa_parametro_compl rename to ges_tarefa_parametro_compl ;
alter table ges_trabalho_geracao rename to ges_trabalho_geracao ;
alter table ges_trabalho_itens rename to ges_trabalho_itens ;
alter table ges_trabalho_itens_tarefa rename to ges_trabalho_itens_tarefa ;
alter table ges_trabalho_tipo rename to ges_trabalho_tipo ;
alter table ges_unidades_consumidoras rename to ger_unidades_consumidoras ;
alter table ges_unidades_consumidoras_celesc rename to ger_unidades_consumidoras_celesc ;
alter table ges_usuarios rename to ger_usuario ;
alter table ges_usuarios_email rename to ger_usuario_email ;
alter table ges_venda_itens rename to fat_vendas_itens ;
alter table ges_vendas rename to fat_vendas ;
alter table ges_vendas_oi_tv rename to fat_vendas_oi ;
alter table sac_assunto rename to sac_assunto ;
alter table sac_protocolo rename to sac_protocolo ;
alter table sac_protocolo_atendimento rename to sac_protocolo_atendimento ;
alter table sac_protocolo_status rename to sac_protocolo_status ;
alter table sac_protocolo_status_historico rename to sac_protocolo_status_historico ;
alter table status_historico rename to ger_usuario_status_historico ;
