--alter table acao_036 rename to ger_acao;
alter table acessos_039 rename to ger_acessos;
alter table adiamentos_033 rename to age_adiamentos;
alter table agencia_058 rename to ger_agencia;
alter table anotacoes_003 rename to ger_anotacoes;
alter table auditorias_047 rename to aud_auditorias;
alter table aux_config rename to ger_auxiliar_config;
alter table aux_procura rename to ger_auxiliar_procura;
alter table aux_procura_estrutura rename to ger_auxiliar_procura_estrutura;
alter table aux_procura_filtro rename to ger_auxiliar_procura_filtro;
alter table ax_nome rename to auxiliar_nome;
alter table campanhaconsulta_052 rename to ges_campanha_consulta;
alter table campanhadia_049 rename to ges_campanha_dia;
alter table campanhafecha_053 rename to ges_campanha_fecha;
alter table campanhaitens_010 rename to ges_campanha_itens;
alter table cancelamentos_042 rename to ges_cancelamentos;
alter table cartao_especiais_001 rename to cartao_especiais;
alter table cartao_rel rename to cartao_relatorio;
alter table cepbairro rename to ger_bairro;
alter table cepcidade rename to ger_cidade;
alter table ceprua rename to ger_rua;
alter table cepuf rename to ger_uf;
alter table chat_016 rename to chat;
alter table cliano rename to ges_cliente_ano;
alter table cliente_depen rename to ges_cliente_dependentes;
alter table cliente_funci rename to ges_cliente_funcionario;
alter table cliente_prospect rename to ges_cliente_prospect;
alter table clientes_001 rename to ges_clientes;
alter table clientes_cartao rename to ges_clientes_cartao;
alter table comissoes_005 rename to ges_comissoes;
alter table config_051 rename to ger_config;
alter table convenios_006 rename to ges_convenios;
alter table discador_monitor rename to ges_discador_monitor;
alter table email2012 rename to age_email;
alter table fnm_agenda rename to ger_agenda;
alter table fnm_agenda_motivo rename to ger_agenda_motivo;
alter table fnm_autorizacao_cob rename to age_autorizacao_cobranca;
alter table fnm_autorizacao_cob_cto rename to age_autorizacao_cobr_contato;
alter table fnm_autorizacao_cob_st rename to age_autorizacao_cobr_situacao;
alter table fnm_campanha_dias rename to ges_campanha_dias;
alter table fnm_campanha_ope rename to ges_campanhas_operacao;
alter table fnm_campanhas rename to ges_campanhas;
alter table fnm_campanhas_tptrabalho rename to ges_campanhas_tipo_trabalho;
alter table fnm_campos rename to ger_campos;
alter table fnm_campos_valores rename to ger_campos_valores;
alter table fnm_discador_campanha rename to ges_discador_campanha;
alter table fnm_discador_central rename to ges_discador_central;
alter table fnm_discador_central_tptrabpadrao rename to ges_discador_central_tipo_trab_padrao;
alter table fnm_discador_cto rename to ges_discador_contato;
alter table fnm_discador_cto_delev rename to discador_contato_delev;
alter table fnm_discador_cto_grv rename to ges_discador_contato_grava;
alter table fnm_discador_cto_grv_delev rename to discador_contato_grava_delev;
alter table fnm_discador_ramal rename to ges_discador_ramal;
alter table fnm_geracao_filtros rename to ger_geracao_filtros;
alter table fnm_geracao_filtros_parametros rename to ger_geracao_filtros_parametros;
alter table fnm_gestores_equipe rename to ges_gestores_equipe;
alter table fnm_gestores_equipe_pessoas rename to ges_gestores_equipe_pessoas;
alter table fnm_informacoes rename to ger_informacoes;
alter table fnm_login rename to ger_login;
alter table fnm_metas rename to ges_metas;
alter table fnm_metas_tipo rename to ges_metas_tipo;
alter table fnm_metas_valores rename to ges_metas_valores;
alter table fnm_operador_trabalhoini rename to age_operador_trabalho_ini;
alter table fnm_pausa_historico rename to ges_pausa_historico;
alter table fnm_pausa_motivo rename to ges_pausa_motivo;
alter table fnm_recusa rename to age_recusa;
alter table fnm_recusa_motivo rename to ges_recusa_motivo;
alter table fnm_tarefa rename to ger_tarefa_config;
alter table fnm_tarefa_param rename to ger_tarefa_parametro;
alter table fnm_tarefa_param_compl rename to ges_tarefa_parametro_compl;
alter table fnm_trabalho_geracao rename to ges_trabalho_geracao;
alter table fnm_trabalho_hst rename to ges_trabalho_historico;
alter table fnm_trabalho_itens rename to ges_trabalho_itens;
alter table fnm_trabalho_itens_tarefa rename to ges_trabalho_itens_tarefa;
alter table fnm_trabalho_tipo rename to ges_trabalho_tipo;
alter table fnm_usuario_acao rename to ger_usuario_acao;
alter table fnm_usuario_acao_historico rename to ger_usuario_acao_historico;
alter table ger_chat_cto rename to ger_chat_contato;
alter table grupousuario_029 rename to ger_grupo_usuario;
alter table hstacao_035 rename to ger_acao_historico;
alter table hststatus_008 rename to status_historico;
alter table itemtipo_054 rename to ger_item_tipo;
alter table modulos_045 rename to ger_modulos;
alter table motivoagendamento_034 rename to ges_motivo_agendamento;
alter table motivocancelamento_041 rename to ges_motivo_cancelamento;
alter table motivorecusa_030 rename to ges_motivo_recusa;
alter table operadora_telefonica rename to ges_operadora_telefonica;
alter table outros_013 rename to ger_outros;
alter table pagar_043 rename to ges_pagar;
alter table pagarhst_044 rename to ges_pagamento_historico;
alter table parcelas rename to ges_parcelas;
alter table pesquisas_056 rename to ger_pesquisas;
alter table pontousuario_050 rename to ger_ponto_usuario;
alter table prazos_012 rename to ges_prazos;
alter table produtos_021 rename to ges_produtos;
alter table produtosgrupos_057 rename to ges_produto_grupos;
alter table prospect_055 rename to ger_prospect;
alter table ramo rename to ger_ramo;
alter table receber_022 rename to ges_receber;
alter table receberhst_023 rename to ges_receber_historico;
alter table recusas_031 rename to age_recusas;
alter table regiao_036 rename to ger_regiao;
alter table remal_vida_cli_sem_cpf rename to renalvida_clientes_sem_cpf;
alter table renal_vida_pacientes_20130929 rename to renalvida_pacientes;
alter table renalvida_pac rename to renalvida;
alter table retirado rename to ger_retirado;
alter table sac_protocolo_atend rename to sac_protocolo_atendimento;
alter table sac_protocolo_stathst rename to sac_protocolo_status_historico;
alter table scripts_020 rename to ges_scripts;
alter table scriptstelas_032 rename to ges_scripts_tela;
alter table servicos_040 rename to ger_servicos;
alter table statususuario_019 rename to ger_status_usuario;
alter table tabelas_sequencias rename to ger_tabelas_sequencias;
alter table telefones_002 rename to ger_telefones;
alter table tipoauditoria_046 rename to aud_auditoria_tipo;
alter table tipocliente_048 rename to ger_tipo_cliente;
alter table tipousuario_017 rename to ger_tipo_usuario;
alter table tipovenda_009 rename to ger_tipo_venda;
alter table turno_037 rename to ger_turno;
alter table uc_celesc rename to ges_unidades_consumidoras_celesc;
alter table unidadesconsumidoras_060 rename to ges_unidades_consumidoras;
alter table useracessos rename to ger_user_acessos;
alter table usermodulos rename to ger_user_modulos;
alter table usernomes rename to ger_user_nomes;
alter table useroperacoes rename to ger_user_operacoes;
alter table userservicos rename to ger_user_servicos;
alter table usuarios_015 rename to ges_usuarios;
alter table usuariosemail rename to ges_usuarios_email;
alter table vendaitens_007 rename to ges_vendas_itens;
alter table vendas_018 rename to ges_vendas;
alter table vendasoitv_056 rename to ges_vendas_oi_tv;
